time,ax,ay,az,atotal
0.0028841495513916016,-0.07,-0.21,-0.29,0.36
0.01053619384765625,-0.21,-0.21,-0.09,0.31
0.020708084106445312,-0.23,0.01,0.04,0.23
0.031762123107910156,-0.11,0.02,0.15,0.18
0.04523801803588867,-0.08,-0.1,0.09,0.15
0.0684061050415039,-0.11,0.01,-0.04,0.11
0.07044219970703125,-0.11,0.09,-0.1,0.17
0.07242393493652344,-0.04,0.05,-0.09,0.11
0.08124804496765137,0.13,-0.06,-0.02,0.14
0.09108304977416992,0.23,-0.16,0.0,0.28
0.10107421875,0.2,-0.19,-0.02,0.27
0.11136102676391602,0.08,-0.08,0.0,0.11
0.12163209915161133,-0.04,0.05,0.01,0.06
0.13609027862548828,-0.08,0.08,0.01,0.11
0.14169692993164062,-0.03,0.03,0.0,0.04
0.1676192283630371,0.03,-0.04,0.01,0.05
0.1701822280883789,0.11,-0.07,-0.01,0.13
0.1723461151123047,0.13,-0.02,-0.06,0.14
0.1819620132446289,0.1,0.08,-0.12,0.17
0.19149208068847656,0.07,0.1,-0.12,0.17
0.20194411277770996,0.06,0.05,-0.11,0.13
0.21203327178955078,0.01,0.0,-0.02,0.02
0.22139811515808105,-0.06,0.0,-0.02,0.06
0.23703527450561523,-0.04,0.04,-0.08,0.09
0.24204611778259277,0.03,-0.01,-0.05,0.05
0.2688601016998291,-0.01,-0.09,-0.02,0.09
0.2710552215576172,-0.11,-0.09,-0.01,0.14
0.2730741500854492,-0.09,-0.1,0.02,0.13
0.2820150852203369,-0.02,-0.07,0.02,0.07
0.29248619079589844,-0.03,0.01,-0.03,0.04
0.3023221492767334,-0.08,0.09,-0.08,0.14
0.31258416175842285,-0.04,0.07,-0.14,0.16
0.322404146194458,0.04,0.01,-0.12,0.12
0.3372941017150879,0.09,-0.05,-0.11,0.15
0.3425121307373047,0.13,-0.12,-0.1,0.2
0.36869215965270996,0.11,-0.07,0.01,0.13
0.3711740970611572,0.04,0.04,-0.07,0.09
0.3732321262359619,-0.06,0.16,0.03,0.17
0.3825802803039551,-0.12,0.12,0.04,0.17
0.3930060863494873,-0.09,-0.03,0.06,0.11
0.4027872085571289,0.02,-0.15,0.05,0.15
0.41301512718200684,0.16,-0.21,0.02,0.26
0.42260217666625977,0.27,-0.21,0.06,0.34
0.4340500831604004,0.25,-0.12,0.03,0.27
0.44921302795410156,0.13,-0.03,0.11,0.17
0.46838998794555664,0.01,-0.06,0.25,0.25
0.470689058303833,-0.04,-0.16,0.28,0.32
0.47323107719421387,0.01,-0.17,0.19,0.25
0.4834871292114258,0.02,-0.04,0.04,0.06
0.4933030605316162,0.09,0.01,-0.05,0.1
0.5034980773925781,0.27,-0.16,0.06,0.31
0.5136470794677734,0.48,-0.33,0.1,0.59
0.5236940383911133,0.47,-0.6,0.02,0.76
0.5344319343566895,0.26,-0.38,-0.19,0.49
0.5484442710876465,-0.09,0.12,-0.56,0.57
0.5704989433288574,-0.4,0.63,-0.67,1.0
0.57271409034729,-0.39,0.78,-0.25,0.9
0.5747990608215332,-0.24,0.57,-0.28,0.67
0.5838179588317871,-0.13,0.32,-0.17,0.38
0.5939950942993164,0.07,0.18,-0.29,0.34
0.6040291786193848,0.18,-0.11,-0.46,0.5
0.6142101287841797,0.22,-0.07,0.0,0.23
0.6243619918823242,0.21,-0.04,0.07,0.22
0.6340551376342773,-0.03,0.05,0.11,0.12
0.6491670608520508,-0.33,0.12,0.17,0.39
0.6704339981079102,-0.53,0.13,0.26,0.6
0.6726601123809814,-0.59,0.09,0.16,0.61
0.6750171184539795,-0.52,0.0,0.04,0.52
0.6846470832824707,-0.45,-0.55,0.27,0.76
0.6944489479064941,-0.46,-0.51,-0.02,0.68
0.7045230865478516,-0.44,1.27,-0.3,1.37
0.7146410942077637,-0.26,0.13,0.48,0.56
0.7253561019897461,-0.17,-0.11,0.45,0.49
0.740509033203125,-0.3,0.18,0.38,0.51
0.7450189590454102,-0.39,0.12,0.17,0.44
0.7753870487213135,-0.48,0.1,0.17,0.51
0.7777099609375,-0.56,0.18,0.2,0.62
0.7798199653625488,-0.55,0.39,0.28,0.73
0.7967300415039062,-0.43,0.51,-0.12,0.67
0.7987000942230225,-0.34,0.14,-0.47,0.59
0.8050141334533691,-0.41,-0.12,-0.37,0.56
0.815392017364502,-0.55,0.15,-0.38,0.68
0.8252191543579102,-0.44,0.08,-0.25,0.51
0.8362569808959961,-0.16,0.04,0.3,0.34
0.8498811721801758,-0.01,-0.05,0.56,0.56
0.8730921745300293,-0.13,-0.17,0.58,0.61
0.875359058380127,-0.32,-0.33,0.5,0.67
0.877439022064209,-0.35,-0.53,0.27,0.69
0.8971691131591797,-0.28,-0.71,0.18,0.78
0.899259090423584,-0.12,-0.86,-0.02,0.86
0.9056980609893799,0.13,-0.84,-0.12,0.85
0.9157290458679199,0.23,-0.67,-0.06,0.71
0.9259960651397705,0.09,-0.28,0.03,0.29
0.9356770515441895,0.03,0.25,0.04,0.25
0.9510931968688965,0.27,0.51,0.43,0.71
0.9718160629272461,0.48,0.31,0.26,0.62
0.9739961624145508,0.3,-0.16,0.39,0.51
0.9760899543762207,0.02,-0.56,0.49,0.74
0.9859640598297119,-0.01,-0.87,0.88,1.23
0.9963669776916504,0.16,-1.25,0.95,1.57
1.0064880847930908,0.34,-1.6,0.42,1.68
1.0162651538848877,0.35,-1.55,-0.18,1.59
1.0265331268310547,0.12,-0.82,-0.4,0.92
1.0429019927978516,-0.14,0.26,0.03,0.29
1.0463120937347412,-0.14,1.21,0.79,1.45
1.0754780769348145,0.15,1.56,1.36,2.07
1.0778841972351074,0.34,1.27,1.24,1.8
1.0799732208251953,0.16,0.68,0.82,1.07
1.0971879959106445,-0.36,0.03,0.54,0.64
1.0992391109466553,-0.88,-0.4,0.25,0.99
1.1067490577697754,-1.13,-0.5,0.13,1.24
1.1168742179870605,-1.11,-0.11,-0.24,1.14
1.1272192001342773,-1.06,0.59,-0.52,1.31
1.1379590034484863,-0.88,0.49,-0.67,1.2
1.1522111892700195,-0.03,1.41,-2.14,2.56
1.1731290817260742,0.34,0.95,-0.97,1.39
1.1755330562591553,0.24,0.08,-0.61,0.66
1.1776151657104492,-0.08,-0.26,-0.85,0.89
1.1969571113586426,-0.32,-0.32,-1.12,1.2
1.19901704788208,-0.43,-0.04,-1.18,1.25
1.2073359489440918,-0.66,0.34,-1.25,1.45
1.2176361083984375,-1.0,0.49,-0.96,1.47
1.2277131080627441,-1.13,0.18,-0.58,1.28
1.238110065460205,-0.76,-0.32,-0.76,1.12
1.2530770301818848,0.05,-0.58,0.13,0.59
1.2745871543884277,1.1,-0.23,1.01,1.51
1.2769410610198975,1.86,0.41,1.68,2.53
1.279020071029663,1.9,0.77,1.5,2.54
1.287766933441162,1.29,0.81,0.46,1.59
1.2980151176452637,0.71,0.46,0.17,0.86
1.308122158050537,0.53,-0.24,0.63,0.85
1.3179869651794434,0.42,-0.79,-0.17,0.91
1.3281481266021729,0.3,-0.83,-0.83,1.21
1.343966007232666,-0.09,-0.29,-0.81,0.86
1.3482670783996582,-0.54,0.21,-1.02,1.17
1.3790841102600098,-0.51,0.4,-0.8,1.02
1.3814730644226074,-0.21,0.33,-0.3,0.49
1.3835420608520508,-0.22,0.38,0.09,0.44
1.3938050270080566,-0.32,0.75,0.49,0.95
1.3984880447387695,-0.08,1.22,-0.04,1.22
1.4084551334381104,-0.15,1.16,-0.36,1.22
1.4188461303710938,-0.2,0.35,-0.63,0.74
1.4287950992584229,0.17,-0.52,-0.71,0.89
1.4393670558929443,0.32,-0.34,-0.56,0.72
1.4538331031799316,0.09,0.82,-0.3,0.87
1.474745273590088,-0.32,2.0,0.06,2.02
1.4770760536193848,-0.8,2.73,0.47,2.88
1.4792280197143555,-1.15,2.87,0.89,3.21
1.488814115524292,-1.37,2.71,0.81,3.14
1.4992280006408691,-1.4,2.73,-0.01,3.06
1.5094270706176758,-1.43,3.34,-0.61,3.68
1.5191340446472168,-1.66,4.13,-1.75,4.78
1.5294880867004395,-1.76,4.27,-2.22,5.12
1.5390992164611816,-1.92,5.39,-1.69,5.96
1.554375171661377,-2.54,6.9,-1.75,7.55
1.5753941535949707,-4.26,8.71,-2.25,9.95
1.5777969360351562,-5.87,9.6,-2.55,11.53
1.5799570083618164,-8.09,9.66,-2.1,12.77
1.589677095413208,-10.59,9.38,-2.62,14.38
1.5998620986938477,-11.6,8.75,-2.38,14.72
1.6097769737243652,-11.45,8.83,-2.16,14.61
1.6197991371154785,-11.0,8.76,-2.74,14.32
1.6297860145568848,-9.65,8.92,-2.54,13.38
1.6402711868286133,-4.75,8.35,-2.42,9.9
1.6556801795959473,-0.78,7.31,-3.92,8.33
1.6758942604064941,0.48,6.59,-4.36,7.91
1.678321123123169,0.0,5.1,-5.13,7.23
1.6804561614990234,-2.87,3.86,-4.22,6.39
1.6901001930236816,-7.24,2.92,-2.82,8.3
1.7005090713500977,-10.34,1.0,-2.07,10.59
1.7104501724243164,-11.69,-1.27,-2.37,11.99
1.7202529907226562,-12.13,-3.23,-1.48,12.63
1.7303309440612793,-12.26,-4.37,-0.36,13.02
1.7406082153320312,-12.48,-4.09,-0.76,13.15
1.751404047012329,-11.83,-3.05,-0.57,12.23
1.7843680381774902,-10.26,-2.57,0.23,10.57
1.7867701053619385,-8.95,-2.59,0.43,9.32
1.7888259887695312,-8.13,-2.43,0.43,8.49
1.7927031517028809,-7.42,-2.14,0.51,7.73
1.800760269165039,-6.6,-2.02,0.79,6.94
1.8107500076293945,-5.79,-1.97,1.06,6.2
1.821084976196289,-5.09,-1.75,1.19,5.51
1.83109712600708,-4.55,-1.28,1.27,4.89
1.8410100936889648,-4.1,-0.66,1.2,4.32
1.8520710468292236,-3.66,0.08,1.17,3.84
1.8803601264953613,-2.96,0.94,0.98,3.25
1.8827900886535645,-1.98,1.81,0.8,2.79
1.8848152160644531,-0.95,2.58,0.82,2.86
1.8925111293792725,-0.12,3.04,0.95,3.18
1.9014172554016113,0.38,3.18,1.16,3.4
1.9116411209106445,0.67,3.16,1.23,3.45
1.921288013458252,1.03,3.28,1.18,3.63
1.9317560195922852,1.54,3.4,1.08,3.88
1.942742109298706,2.23,4.16,0.31,4.73
1.956423044204712,2.87,4.58,0.11,5.4
1.9788951873779297,3.59,4.72,-0.45,5.94
1.981269121170044,4.28,4.16,-0.67,6.0
1.9833550453186035,5.13,3.79,-1.34,6.51
1.9920439720153809,6.17,3.49,-1.82,7.31
2.001836061477661,7.34,3.07,-2.09,8.22
2.0120060443878174,8.45,2.75,-2.17,9.14
2.022081136703491,9.4,2.82,-2.2,10.05
2.0367789268493652,10.28,3.1,-2.13,10.94
2.042112112045288,11.2,3.39,-2.0,11.87
2.0532290935516357,11.99,3.81,-1.92,12.72
2.082509994506836,12.29,3.55,-2.15,12.97
2.0847041606903076,12.21,2.45,-2.37,12.67
2.0868310928344727,11.88,1.54,-2.16,12.17
2.0924949645996094,11.69,1.1,-1.67,11.85
2.10260009765625,11.47,1.06,-1.08,11.56
2.112478256225586,10.94,1.4,-0.77,11.05
2.1224312782287598,9.98,1.88,-1.21,10.22
2.1327109336853027,8.53,2.71,-0.79,8.98
2.1431970596313477,7.51,3.71,1.23,8.46
2.1590380668640137,4.74,4.05,3.09,6.95
2.1798651218414307,-1.56,3.43,6.59,7.59
2.1822400093078613,-6.83,3.17,7.18,10.4
2.1843361854553223,-7.43,3.89,4.75,9.63
2.1929471492767334,-3.8,6.24,1.75,7.51
2.2032480239868164,-0.71,10.81,2.58,11.13
2.2131481170654297,1.53,13.11,4.56,13.96
2.2229371070861816,3.1,6.88,2.57,7.97
2.233278274536133,3.19,-2.32,-2.9,4.89
2.243408203125,3.37,-6.94,-5.8,9.65
2.254038095474243,4.77,-6.91,-7.78,11.44
2.2864980697631836,6.88,-3.78,-6.59,10.24
2.2888541221618652,9.33,-0.75,-4.25,10.27
2.290910243988037,11.25,0.72,-1.38,11.35
2.293498992919922,11.76,0.42,-0.36,11.77
2.3129639625549316,9.43,-0.35,0.07,9.43
2.3150320053100586,4.47,0.72,1.21,4.68
2.32373309135437,-0.19,0.68,2.48,2.57
2.333662986755371,-4.74,-0.03,3.51,5.89
2.344038963317871,-7.22,1.05,3.2,7.96
2.354879140853882,-6.56,2.95,0.6,7.21
2.38478422164917,-2.92,2.17,-2.03,4.16
2.387165069580078,0.96,0.15,-1.83,2.07
2.3892621994018555,3.34,-1.03,0.02,3.49
2.3940651416778564,3.92,-1.06,-0.81,4.14
2.4043171405792236,2.63,-0.72,-1.44,3.08
2.414119243621826,1.02,-0.89,-0.77,1.55
2.4244909286499023,0.02,-0.49,-0.13,0.5
2.434427261352539,-0.61,0.32,0.23,0.72
2.444591999053955,-1.09,0.65,0.39,1.32
2.4546821117401123,-1.36,0.46,0.4,1.49
2.4874181747436523,-1.28,0.14,0.21,1.3
2.4898650646209717,-0.86,0.02,-0.06,0.86
2.4919891357421875,-0.21,0.09,-0.33,0.4
2.4950032234191895,0.4,0.23,-0.33,0.56
2.504779100418091,0.7,0.4,-0.43,0.91
2.514915943145752,0.62,0.69,-0.29,0.97
2.5251760482788086,0.16,1.01,0.11,1.02
2.534816265106201,-0.5,1.31,0.4,1.45
2.54483699798584,-0.67,1.53,0.29,1.69
2.55485200881958,-0.21,1.55,0.26,1.58
2.585827112197876,0.44,1.56,-0.17,1.62
2.588212013244629,0.99,1.52,-0.48,1.87
2.590306043624878,1.23,1.23,-0.8,1.91
2.5952281951904297,0.96,0.77,-0.94,1.54
2.612833023071289,0.15,0.36,-1.42,1.47
2.6153292655944824,-0.99,0.4,-1.36,1.72
2.62562894821167,-1.98,0.9,-1.28,2.52
2.635465145111084,-2.48,1.7,-0.4,3.03
2.6456661224365234,-2.83,2.61,0.75,3.92
2.660919189453125,-3.42,3.41,0.8,4.89
2.6804609298706055,-4.16,3.46,0.58,5.44
2.6827101707458496,-4.68,3.85,-0.23,6.06
2.685577154159546,-4.73,4.17,-0.51,6.32
2.6957740783691406,-4.89,3.85,-0.95,6.29
2.705947160720825,-5.36,3.83,-1.5,6.75
2.7161290645599365,-5.84,4.41,-1.63,7.49
2.7259140014648438,-6.45,5.65,-2.11,8.83
2.736652135848999,-7.36,7.18,-2.53,10.58
2.751028060913086,-8.42,8.19,-2.81,12.07
2.756648063659668,-8.8,7.71,-3.06,12.09
2.786975145339966,-9.84,8.4,-3.84,13.49
2.789518117904663,-10.58,8.27,-4.85,14.27
2.7916080951690674,-10.24,9.08,-2.72,13.95
2.796347141265869,-7.39,11.01,0.13,13.26
2.806581974029541,-3.95,10.84,-1.31,11.61
2.81644606590271,-3.51,8.84,-3.68,10.19
2.8267080783843994,-4.22,7.26,-2.49,8.75
2.8366150856018066,-3.3,7.18,-2.88,8.41
2.8468170166015625,-2.28,6.38,-2.92,7.37
2.860741138458252,-2.81,4.43,-3.16,6.12
2.884803056716919,-4.81,1.9,-2.94,5.94
2.8870420455932617,-7.2,-0.32,-2.89,7.76
2.889202117919922,-9.29,-2.21,-1.88,9.73
2.896972179412842,-9.42,-3.81,-0.18,10.16
2.907012939453125,-6.69,-4.58,0.82,8.14
2.9173130989074707,-3.59,-4.76,1.2,6.08
2.9273791313171387,-2.39,-4.97,0.28,5.52
2.936998128890991,-3.79,-4.84,-1.02,6.23
2.9474329948425293,-5.93,-4.31,-0.89,7.38
2.9619691371917725,-7.11,-4.17,-0.28,8.24
2.9852399826049805,-7.29,-4.26,0.32,8.44
2.9875612258911133,-7.13,-4.32,1.42,8.45
2.9896621704101562,-7.24,-4.27,2.12,8.66
2.997499942779541,-7.95,-4.03,1.5,9.03
3.007650136947632,-8.92,-3.87,1.15,9.79
3.0175771713256836,-9.34,-3.56,1.41,10.09
3.0278191566467285,-8.87,-2.65,1.38,9.35
3.037886142730713,-7.88,-1.56,1.1,8.1
3.0529210567474365,-6.68,-0.7,1.02,6.79
3.05787992477417,-5.38,0.09,1.2,5.51
3.0889902114868164,-4.0,0.91,1.27,4.29
3.091416120529175,-2.4,1.78,1.55,3.36
3.093395233154297,-0.75,2.63,2.06,3.42
3.098207950592041,0.69,3.32,2.25,4.06
3.1082072257995605,1.75,3.63,2.04,4.51
3.1181271076202393,2.57,3.66,1.52,4.72
3.1283931732177734,3.2,3.52,1.06,4.87
3.138273239135742,3.57,3.61,0.56,5.1
3.148837089538574,3.66,4.13,-0.21,5.52
3.1634860038757324,3.39,4.85,-0.65,5.95
3.1860079765319824,3.11,5.89,-1.0,6.73
3.1883039474487305,3.44,7.23,-1.18,8.09
3.190382957458496,4.29,9.48,-1.33,10.49
3.198564052581787,5.74,11.11,-1.23,12.56
3.2100472450256348,7.64,12.11,-1.02,14.35
3.221062183380127,9.96,11.89,0.35,15.51
3.2294039726257324,12.56,10.61,2.05,16.56
3.238901138305664,15.68,9.31,1.92,18.33
3.2492830753326416,18.52,7.38,-0.01,19.93
3.259449005126953,20.59,4.75,-2.83,21.31
3.2914071083068848,21.99,2.97,-3.46,22.45
3.293734073638916,21.32,1.96,-2.17,21.51
3.2958970069885254,17.7,1.24,-2.13,17.87
3.29960298538208,13.64,2.24,-2.22,13.99
3.309494972229004,9.89,3.85,-2.33,10.86
3.319258213043213,5.06,4.4,-1.81,6.94
3.3295390605926514,-1.57,3.37,-2.52,4.49
3.3392951488494873,-9.3,0.95,-2.71,9.73
3.350698947906494,-10.89,0.67,4.11,11.65
3.3646371364593506,-7.08,3.94,10.91,13.58
3.386475086212158,-4.2,5.41,5.18,8.58
3.3887510299682617,-2.06,4.86,0.89,5.35
3.3908300399780273,0.16,5.25,1.24,5.39
3.3997621536254883,1.32,6.24,1.06,6.46
3.4107799530029297,1.51,5.19,-0.17,5.4
3.4198122024536133,1.13,2.62,-0.45,2.88
3.43005108833313,0.92,0.11,-0.76,1.19
3.439967155456543,1.49,-2.24,-2.1,3.41
3.4501700401306152,3.1,-3.76,-3.44,5.96
3.4654860496520996,5.48,-3.09,-3.82,7.36
3.4861550331115723,7.64,-1.0,-3.84,8.6
3.488330125808716,9.0,0.06,-3.61,9.69
3.4903979301452637,9.49,-0.28,-3.67,10.17
3.5004782676696777,8.2,-0.42,-3.0,8.74
3.5103111267089844,4.75,0.07,-2.46,5.34
3.520638942718506,1.69,-0.06,-1.0,1.96
3.5307271480560303,-1.03,-0.16,0.74,1.27
3.5408921241760254,-3.4,0.17,1.83,3.86
3.5507030487060547,-4.59,0.82,3.08,5.58
3.5649640560150146,-4.43,1.38,3.61,5.87
3.5805881023406982,-3.27,1.4,2.91,4.59
3.5821661949157715,-1.86,0.85,1.47,2.51
3.590501070022583,-0.58,0.21,-0.15,0.63
3.600554943084717,0.56,-0.35,-1.35,1.5
3.617100238800049,1.55,-0.76,-1.77,2.47
3.620589256286621,2.29,-0.9,-1.87,3.09
3.632030963897705,2.49,-0.93,-2.39,3.57
3.6466050148010254,1.83,-0.97,-2.68,3.38
3.652122974395752,0.67,-0.8,-1.48,1.81
3.6657252311706543,-0.56,-0.59,-0.2,0.83
3.6886720657348633,-1.7,-0.24,0.88,1.92
3.690871238708496,-2.35,0.24,1.33,2.71
3.692695140838623,-2.35,0.55,1.27,2.72
3.7014870643615723,-1.79,0.64,1.44,2.38
3.7114651203155518,-1.01,0.53,1.27,1.7
3.721985101699829,-0.32,0.37,0.71,0.86
3.731912136077881,0.29,0.29,-0.06,0.41
3.741528034210205,0.74,0.29,-0.47,0.92
3.7520720958709717,0.92,0.32,-0.71,1.2
3.7671961784362793,0.78,0.46,-0.9,1.27
3.7881011962890625,0.41,0.59,-0.63,0.95
3.7903831005096436,-0.05,0.77,0.04,0.77
3.7924160957336426,-0.47,1.07,0.2,1.18
3.801997184753418,-0.9,1.39,0.24,1.67
3.8123130798339844,-1.45,1.57,0.06,2.13
3.822175979614258,-2.11,1.59,-0.17,2.64
3.8324689865112305,-2.68,1.52,0.04,3.08
3.8424019813537598,-2.82,1.51,0.18,3.2
3.853003978729248,-2.74,1.64,-0.29,3.2
3.8681392669677734,-2.44,2.04,-0.68,3.25
3.8885812759399414,-2.03,2.51,-0.79,3.32
3.890693187713623,-1.72,2.96,-1.35,3.68
3.8927550315856934,-1.39,3.68,-1.43,4.18
3.902678966522217,-1.23,4.89,-0.56,5.07
3.9128799438476562,-1.57,6.13,-0.44,6.34
3.923074245452881,-2.37,7.15,-0.65,7.56
3.932765007019043,-3.58,8.04,-0.91,8.84
3.9430251121520996,-4.89,8.67,-1.15,10.02
3.952975273132324,-6.06,9.12,-1.89,11.11
3.969676971435547,-7.15,9.53,-2.78,12.23
3.9876651763916016,-7.68,9.46,-3.53,12.68
3.9906692504882812,-7.88,9.08,-4.77,12.93
3.9929451942443848,-9.79,9.62,-6.11,15.02
4.003267049789429,-11.61,8.92,-7.57,16.48
4.01316499710083,-13.12,7.82,-5.6,16.26
4.0237202644348145,-12.72,8.82,-1.18,15.52
4.026673078536987,-12.96,9.06,-1.31,15.86
4.037251949310303,-9.13,9.64,0.25,13.27
4.053775072097778,-6.1,9.1,0.78,10.98
4.056998252868652,-3.3,8.1,0.13,8.74
4.071869134902954,0.66,6.33,-1.21,6.47
4.09578800201416,2.95,4.05,-4.07,6.45
4.098022937774658,2.05,0.71,-5.98,6.36
4.099991083145142,-2.45,-0.98,-4.17,4.93
4.1071672439575195,-6.56,-1.19,-2.72,7.2
4.117687225341797,-7.43,-2.34,-1.6,7.95
4.127350091934204,-7.96,-3.65,-1.09,8.82
4.137781143188477,-9.31,-5.53,-0.87,10.86
4.147648096084595,-10.5,-6.69,-0.38,12.45
4.164684057235718,-11.03,-6.79,0.17,12.95
4.167704105377197,-11.15,-6.21,0.75,12.78
4.18453311920166,-10.61,-5.2,1.11,11.86
4.1876890659332275,-9.91,-4.46,1.28,10.94
4.198143005371094,-9.15,-4.13,1.3,10.12
4.207732200622559,-8.6,-3.87,1.2,9.5
4.218225955963135,-8.36,-3.48,1.04,9.11
4.228194236755371,-8.14,-3.16,0.89,8.77
4.242350101470947,-7.67,-2.85,0.8,8.22
4.24911904335022,-7.01,-2.51,0.88,7.49
4.263134956359863,-6.28,-2.04,1.25,6.72
4.268627166748047,-5.49,-1.29,1.69,5.88
4.285869121551514,-4.59,-0.66,2.03,5.06
4.288413047790527,-3.49,-0.07,2.06,4.05
4.298622131347656,-2.21,0.41,1.73,2.83
4.308642148971558,-1.15,0.91,1.55,2.13
4.318686008453369,-0.4,1.65,1.42,2.21
4.32869815826416,0.09,2.56,1.21,2.83
4.338830947875977,0.57,3.24,1.0,3.43
4.349651098251343,1.18,3.62,0.95,3.92
4.364397048950195,1.95,4.03,0.6,4.51
4.3691160678863525,2.85,4.82,0.01,5.59
4.386794090270996,3.67,6.17,-0.55,7.2
4.389096260070801,4.23,7.59,-1.61,8.83
4.399102210998535,4.56,8.63,-1.93,9.94
4.408990144729614,5.39,9.64,-3.02,11.44
4.419238090515137,6.34,10.84,-4.65,13.39
4.4290931224823,8.25,11.86,-4.68,15.18
4.439250946044922,11.39,12.1,-4.12,17.12
4.449519157409668,15.08,9.89,-3.56,18.38
4.4601380825042725,18.62,7.38,-3.07,20.26
4.476136207580566,21.15,5.24,-3.47,22.06
4.493879079818726,22.37,3.33,-3.88,22.94
4.496239185333252,21.14,2.25,-2.74,21.43
4.499505996704102,17.87,2.17,-2.02,18.11
4.509611129760742,14.48,2.62,-0.93,14.74
4.520071983337402,11.7,4.32,0.67,12.49
4.529977083206177,7.94,5.98,1.58,10.06
4.540028095245361,0.79,5.34,3.13,6.23
4.54996395111084,-6.45,3.26,3.81,8.16
4.560863971710205,-9.29,4.35,4.9,11.36
4.575052261352539,-6.12,9.66,6.0,12.91
4.5915021896362305,-2.82,13.52,3.66,14.28
4.595337152481079,1.03,4.07,1.79,4.56
4.60565710067749,1.38,-2.8,-0.54,3.16
4.615828990936279,1.15,-7.1,-1.89,7.43
4.625704050064087,1.29,-7.6,-5.01,9.19
4.636099100112915,2.78,-5.26,-7.07,9.24
4.646052122116089,4.69,-1.81,-6.75,8.41
4.660027027130127,6.82,1.01,-4.02,7.98
4.666733264923096,9.32,1.99,-1.89,9.71
4.695155143737793,11.33,0.92,-0.9,11.4
4.697466135025024,11.81,-1.13,0.03,11.86
4.699496269226074,8.73,-1.0,0.22,8.78
4.712245941162109,3.63,0.39,0.43,3.67
4.716002941131592,-0.73,0.3,1.41,1.61
4.726349115371704,-3.97,-0.02,2.69,4.79
4.736159086227417,-6.12,0.8,3.36,7.02
4.746511936187744,-6.68,2.54,2.04,7.43
4.757123947143555,-5.12,2.75,-0.28,5.81
4.770276069641113,-1.7,0.91,-0.44,1.97
4.793485164642334,1.34,-0.55,-0.7,1.6
4.795814037322998,3.36,-1.49,-1.77,4.07
4.79793119430542,4.16,-1.74,-2.01,4.93
4.806498050689697,3.75,-1.26,-0.84,4.04
4.81655216217041,2.34,-0.69,0.0,2.43
4.826742172241211,0.83,-0.42,0.27,0.96
4.836900234222412,-0.06,-0.02,0.44,0.44
4.847419261932373,-0.61,0.41,0.6,0.94
4.8629090785980225,-1.08,0.77,0.44,1.39
4.867884159088135,-1.53,0.9,0.14,1.78
4.897373199462891,-1.58,0.91,-0.09,1.82
4.899714946746826,-1.17,0.73,-0.25,1.4
4.901791095733643,-0.45,0.37,-0.28,0.64
4.909910202026367,0.11,0.08,-0.19,0.23
4.917082071304321,0.27,0.01,-0.13,0.29
4.927203178405762,0.06,0.35,0.13,0.37
4.9374871253967285,-0.28,0.89,0.07,0.93
4.9473042488098145,-0.63,1.4,0.21,1.54
4.958369255065918,-0.67,1.81,0.34,1.95
4.972878932952881,-0.53,1.97,0.3,2.06
4.993940114974976,-0.49,1.72,0.54,1.86
4.996208190917969,-0.73,1.33,0.54,1.61
4.9982171058654785,-1.15,1.19,0.05,1.65
5.007594108581543,-1.54,1.29,0.24,2.02
5.017964124679565,-1.72,1.78,0.08,2.47
5.027915000915527,-2.07,2.45,-0.27,3.21
5.038153171539307,-2.63,2.99,-0.71,4.04
5.048054218292236,-3.33,3.15,-1.02,4.69
5.058632135391235,-3.92,3.17,-1.5,5.25
5.073808193206787,-4.12,3.5,-1.23,5.54
5.0926361083984375,-3.86,4.09,-1.16,5.74
5.09501314163208,-3.63,4.64,-1.18,6.0
5.09841513633728,-3.93,5.29,-1.61,6.78
5.108179092407227,-4.71,6.46,-2.08,8.26
5.118524074554443,-5.82,7.55,-2.31,9.8
5.128582954406738,-7.36,8.29,-3.2,11.53
5.13838005065918,-9.16,8.76,-4.14,13.33
5.148733139038086,-10.47,9.09,-4.91,14.7
5.163445949554443,-11.0,8.84,-5.19,15.03
5.169417142868042,-11.05,8.34,-4.05,14.42
5.1985790729522705,-10.12,9.01,-1.34,13.61
5.200897216796875,-6.85,9.73,0.16,11.9
5.203009128570557,-6.03,9.04,-2.4,11.12
5.210322141647339,-6.25,7.87,-2.37,10.32
5.218946933746338,-3.62,8.39,-0.28,9.14
5.228918075561523,-0.17,8.36,-1.3,8.46
5.2392261028289795,1.33,6.14,-3.45,7.16
5.248936176300049,0.26,2.29,-4.77,5.29
5.259775161743164,-3.0,-0.46,-4.81,5.68
5.2744879722595215,-6.65,-0.91,-1.97,6.99
5.295809268951416,-7.35,-1.27,-1.65,7.63
5.298102140426636,-7.94,-2.52,-1.61,8.48
5.300144195556641,-9.54,-4.25,-1.07,10.49
5.30929708480835,-10.97,-5.17,-0.27,12.13
5.319491147994995,-11.74,-5.55,-0.02,12.98
5.329309940338135,-11.4,-5.17,0.9,12.54
5.3395819664001465,-10.43,-4.78,1.22,11.53
5.349394083023071,-9.13,-5.05,0.71,10.45
5.359827041625977,-8.17,-5.14,0.58,9.66
5.373606204986572,-8.12,-4.4,0.43,9.24
5.389557123184204,-8.39,-3.45,-0.09,9.07
5.391745090484619,-8.35,-2.97,-0.05,8.86
5.399263143539429,-7.95,-2.54,0.34,8.35
5.40920615196228,-7.2,-1.95,0.53,7.47
5.419311046600342,-6.28,-1.2,0.75,6.43
5.429546117782593,-5.14,-0.41,0.87,5.22
5.443336009979248,-3.85,0.34,0.95,3.98
5.4533491134643555,-2.33,1.01,0.79,2.65
5.463181972503662,-0.79,1.69,0.7,1.99
5.475450038909912,0.45,2.19,0.33,2.25
5.486890077590942,1.25,2.43,-0.26,2.74
5.489651203155518,1.56,2.45,-0.38,2.92
5.499668121337891,1.78,2.58,-0.26,3.14
5.509644031524658,2.08,2.94,-0.3,3.61
5.526787281036377,2.4,3.35,-0.26,4.12
5.530025959014893,2.73,3.93,-0.3,4.79
5.544837951660156,3.09,4.9,-0.06,5.79
5.555578231811523,3.62,5.83,0.17,6.86
5.560591220855713,4.39,7.35,0.13,8.56
5.576947212219238,5.51,9.03,0.05,10.57
5.596590042114258,6.86,10.34,-0.42,12.41
5.598968982696533,8.45,10.44,-0.43,13.43
5.601333141326904,10.29,9.8,0.17,14.21
5.611004114151001,12.46,8.98,0.4,15.36
5.621101140975952,14.81,7.99,0.6,16.83
5.631340980529785,17.23,7.05,0.71,18.63
5.641510009765625,19.1,5.69,0.24,19.93
5.651437044143677,20.12,3.58,-1.05,20.46
5.666402101516724,19.74,1.94,-1.5,19.89
5.6720781326293945,17.37,1.35,-1.63,17.49
5.702499151229858,14.28,2.13,-1.05,14.47
5.7049150466918945,11.67,4.15,-0.12,12.38
5.706961154937744,5.88,4.57,-0.33,7.45
5.711588144302368,-2.04,2.55,0.07,3.26
5.727617263793945,-8.09,1.29,1.49,8.32
5.731778144836426,-9.14,4.11,3.2,10.52
5.74219012260437,-6.03,8.85,3.32,11.21
5.75187611579895,-3.55,13.11,3.3,13.97
5.763082027435303,-1.11,13.02,3.99,13.66
5.776698112487793,0.46,5.23,2.48,5.8
5.798210144042969,1.44,-2.09,0.57,2.6
5.800515174865723,2.62,-6.72,-0.67,7.24
5.802615165710449,3.81,-7.55,-3.27,9.06
5.812206268310547,5.18,-4.53,-5.34,8.71
5.822399139404297,6.31,-0.77,-5.35,8.3
5.832406997680664,7.5,1.39,-3.55,8.41
5.842381000518799,8.98,1.74,-2.52,9.48
5.8528220653533936,9.86,0.37,-2.93,10.29
5.863336086273193,9.44,-1.56,-2.45,9.87
5.878383159637451,6.55,-1.42,-0.01,6.7
5.897364139556885,2.86,-0.11,1.22,3.11
5.899677276611328,-0.36,0.26,0.74,0.86
5.902585983276367,-3.18,0.4,1.37,3.48
5.912785053253174,-5.37,0.83,2.42,5.94
5.9230241775512695,-6.61,1.51,3.23,7.51
5.9330220222473145,-6.43,1.9,2.32,7.09
5.942821025848389,-4.07,0.69,-0.1,4.12
5.953001976013184,-0.81,-0.51,-1.18,1.51
5.967600107192993,2.03,-1.02,-1.55,2.75
5.973976135253906,3.85,-1.32,-2.2,4.62
6.0053839683532715,4.2,-1.55,-2.19,4.98
6.007629156112671,3.09,-1.16,-0.99,3.44
6.009643077850342,1.34,-0.63,-0.44,1.54
6.01352596282959,-0.17,-0.12,0.28,0.34
6.02343225479126,-0.98,0.46,0.67,1.27
6.033362150192261,-1.4,0.85,0.83,1.83
6.043657064437866,-1.51,1.04,1.13,2.15
6.053305149078369,-1.49,0.94,1.1,2.07
6.064218044281006,-1.4,0.68,0.58,1.66
6.078496932983398,-1.03,0.55,0.24,1.19
6.10145115852356,-0.37,0.6,0.08,0.7
6.103779077529907,0.34,0.68,-0.38,0.84
6.105808258056641,0.82,0.76,-0.42,1.19
6.113649129867554,1.0,0.95,-0.2,1.39
6.124032974243164,0.57,0.98,-0.56,1.26
6.133968114852905,-0.16,1.02,-0.74,1.27
6.144358158111572,-0.72,1.18,-0.47,1.46
6.153889179229736,-1.07,1.38,-0.87,1.95
6.164316177368164,-1.03,1.69,-0.49,2.03
6.179444074630737,-1.05,2.1,0.71,2.45
6.201189994812012,-1.2,2.76,0.61,3.07
6.203461170196533,-1.74,3.2,0.86,3.74
6.205488204956055,-2.58,3.42,0.76,4.35
6.214398145675659,-3.43,3.4,0.67,4.87
6.224792003631592,-4.07,3.44,0.4,5.34
6.234687089920044,-4.28,3.6,-0.56,5.62
6.244747161865234,-4.03,4.14,-1.66,6.01
6.25460410118103,-3.41,4.64,-1.92,6.06
6.265032052993774,-2.9,5.11,-2.3,6.3
6.276010990142822,-3.11,5.71,-2.82,7.08
6.305462121963501,-4.17,6.6,-3.1,8.39
6.307690143585205,-5.74,7.7,-3.16,10.11
6.309760093688965,-7.53,8.76,-3.51,12.07
6.314971923828125,-9.19,9.66,-4.46,14.05
6.3254780769348145,-10.53,9.91,-5.57,15.49
6.335063934326172,-11.72,9.44,-6.27,16.3
6.345363140106201,-12.23,8.27,-5.7,15.82
6.355112075805664,-11.88,8.39,-2.67,14.78
6.365454196929932,-9.49,9.58,-0.29,13.48
6.3762712478637695,-7.68,9.21,-2.63,12.27
6.40816593170166,-8.11,7.96,-3.59,11.91
6.410419940948486,-6.56,8.23,-1.07,10.57
6.412516117095947,-3.44,8.19,-1.17,8.95
6.429916143417358,-1.36,6.32,-3.47,7.33
6.431993007659912,-1.11,2.77,-5.39,6.16
6.435838222503662,-2.4,-0.83,-6.06,6.57
6.445658206939697,-5.33,-2.6,-4.67,7.54
6.455832004547119,-6.56,-2.58,-2.13,7.36
6.4660210609436035,-4.84,-2.35,-2.84,6.08
6.4769392013549805,-4.8,-3.77,-2.05,6.43
6.506103038787842,-7.36,-5.19,-0.72,9.03
6.508317947387695,-9.88,-5.3,-0.87,11.24
6.510365962982178,-11.0,-5.59,-0.17,12.34
6.530270099639893,-11.23,-5.62,1.47,12.64
6.532234191894531,-10.92,-5.67,1.25,12.36
6.536133050918579,-10.05,-6.0,0.78,11.73
6.546474933624268,-8.85,-6.14,1.06,10.82
6.556267261505127,-8.44,-5.55,1.27,10.18
6.567491054534912,-8.72,-4.6,0.87,9.89
6.581428050994873,-8.91,-3.86,0.69,9.73
6.604964256286621,-8.66,-3.21,0.88,9.27
6.607032060623169,-7.9,-2.43,1.28,8.36
6.6091389656066895,-6.87,-1.34,1.79,7.22
6.616795063018799,-5.65,-0.38,1.69,5.9
6.6269402503967285,-4.43,0.57,1.31,4.65
6.636617183685303,-3.47,1.76,1.32,4.1
6.647062063217163,-2.68,2.98,1.35,4.22
6.657015085220337,-1.82,3.91,1.0,4.42
6.667628049850464,-0.69,4.49,0.44,4.56
6.682179927825928,0.5,5.3,0.12,5.32
6.702390193939209,1.93,6.6,-0.28,6.88
6.704659938812256,3.39,8.16,-1.21,8.91
6.707327127456665,4.58,9.54,-2.63,10.9
6.717299938201904,5.02,10.49,-3.52,12.15
6.72819709777832,4.87,11.08,-4.61,12.95
6.739493131637573,5.35,11.93,-5.88,14.33
6.748114109039307,7.36,12.98,-7.01,16.48
6.759750127792358,10.28,12.21,-5.58,16.9
6.76931619644165,13.78,11.09,-0.72,17.7
6.781565189361572,18.28,11.02,2.2,21.45
6.805711269378662,21.98,7.47,-1.07,23.23
6.807979106903076,24.84,2.71,-2.77,25.14
6.810105085372925,25.49,-0.41,-1.7,25.54
6.817781925201416,21.34,-0.52,0.15,21.34
6.827893257141113,15.19,1.3,-1.19,15.29
6.838076114654541,11.26,4.05,1.2,12.02
6.848323106765747,7.68,6.65,1.17,10.22
6.858135223388672,1.57,6.62,0.58,6.82
6.868380069732666,-5.66,5.48,2.26,8.19
6.879241943359375,-9.39,6.7,5.04,12.58
6.9088029861450195,-6.36,13.07,7.37,16.29
6.910981178283691,-2.83,18.16,5.49,19.18
6.913143157958984,-0.51,15.26,5.16,16.11
6.930801153182983,0.88,3.33,2.79,4.43
6.932876110076904,2.07,-5.63,1.43,6.16
6.938457012176514,3.94,-11.13,0.76,11.83
6.94881010055542,5.45,-12.08,-3.33,13.66
6.958792209625244,6.57,-7.13,-5.47,11.13
6.968709945678711,8.32,0.39,-4.86,9.64
6.97988224029541,10.53,4.26,-3.66,11.93
7.00968599319458,12.49,4.05,-2.28,13.32
7.012001991271973,12.41,0.63,-1.63,12.53
7.014089107513428,9.09,-2.11,-1.49,9.44
7.029263019561768,4.41,-0.88,-1.12,4.63
7.0313520431518555,0.54,-0.2,-0.55,0.79
7.03899621963501,-2.47,0.02,1.13,2.71
7.049101114273071,-4.53,0.25,2.37,5.11
7.059363126754761,-5.58,1.08,3.35,6.59
7.069404125213623,-5.38,2.7,2.65,6.57
7.080353260040283,-3.54,2.9,-0.22,4.58
7.112102031707764,-0.95,1.17,-0.99,1.8
7.114432096481323,1.24,-0.38,-1.13,1.72
7.116502046585083,2.75,-1.27,-1.82,3.53
7.1266491413116455,3.44,-1.44,-1.93,4.19
7.1296000480651855,3.15,-1.12,-1.62,3.71
7.1395649909973145,2.11,-0.74,-1.03,2.46
7.15010404586792,0.98,-0.38,-0.47,1.15
7.159672260284424,0.04,-0.01,-0.3,0.3
7.169926166534424,-0.78,0.27,-0.01,0.82
7.180048942565918,-1.34,0.5,0.41,1.48
7.210546016693115,-1.5,0.77,0.72,1.83
7.212897062301636,-1.42,0.81,0.51,1.71
7.214969158172607,-1.27,0.72,-0.04,1.46
7.228230953216553,-1.01,0.6,-0.03,1.17
7.23031210899353,-0.67,0.57,-0.29,0.92
7.240100145339966,-0.4,0.69,-0.57,0.98
7.250576972961426,-0.34,0.82,-0.51,1.02
7.260544061660767,-0.56,0.84,-0.32,1.05
7.270272254943848,-1.04,0.87,-0.06,1.35
7.281267166137695,-1.46,0.79,-0.06,1.66
7.31190299987793,-1.68,0.77,-0.26,1.86
7.314311981201172,-1.64,0.99,-0.27,1.93
7.316395044326782,-1.42,1.52,-0.51,2.14
7.327383995056152,-1.43,1.84,-0.2,2.33
7.33063006401062,-1.79,2.19,-0.59,2.88
7.341081142425537,-2.41,2.29,-0.05,3.32
7.350832939147949,-3.03,2.42,0.07,3.87
7.3610429763793945,-3.77,3.0,0.43,4.83
7.371001243591309,-4.43,3.84,0.43,5.87
7.382120132446289,-4.84,4.79,-0.65,6.84
7.414165019989014,-5.03,5.41,-1.68,7.57
7.416527271270752,-5.13,5.88,-2.34,8.14
7.418626070022583,-5.41,6.46,-3.12,8.98
7.426335096359253,-6.1,7.26,-3.68,10.17
7.431299209594727,-7.5,8.55,-4.56,12.25
7.441425085067749,-9.21,10.2,-5.75,14.89
7.451657056808472,-10.52,11.58,-6.95,17.11
7.462501049041748,-10.95,11.74,-8.54,18.18
7.4722740650177,-11.13,10.72,-8.79,17.77
7.486708164215088,-11.59,10.52,-6.59,16.98
7.506897926330566,-10.49,10.63,-1.59,15.01
7.5092620849609375,-8.13,9.92,-0.41,12.83
7.511943101882935,-7.99,7.7,-3.22,11.55
7.52165412902832,-7.63,7.1,-1.45,10.52
7.532092094421387,-4.93,7.2,0.08,8.72
7.542326927185059,-2.34,5.86,-2.25,6.69
7.55195426940918,-1.5,2.63,-5.11,5.93
7.562236070632935,-2.03,-1.35,-5.65,6.15
7.572193145751953,-4.45,-3.76,-4.79,7.54
7.587110996246338,-6.19,-4.28,-3.13,8.15
7.609282970428467,-5.25,-4.41,-2.4,7.26
7.611670970916748,-4.71,-5.87,-2.24,7.85
7.613688945770264,-6.26,-7.33,-1.7,9.78
7.622211933135986,-8.5,-7.25,-0.8,11.2
7.632759094238281,-10.69,-7.28,-0.48,12.94
7.643003940582275,-12.5,-7.57,-0.19,14.61
7.652451038360596,-12.76,-7.13,0.48,14.62
7.662795066833496,-11.84,-5.83,1.09,13.24
7.672667026519775,-10.41,-5.03,0.0,11.56
7.683660984039307,-8.85,-4.94,-0.87,10.17
7.716104984283447,-7.66,-4.52,-0.98,8.94
7.718509197235107,-6.8,-3.39,-0.63,7.62
7.7206220626831055,-5.97,-2.01,-0.61,6.32
7.7259392738342285,-4.92,-0.47,-0.23,4.94
7.732911109924316,-3.44,1.3,0.69,3.74
7.743001937866211,-1.62,2.87,1.21,3.51
7.753109931945801,0.01,3.67,1.14,3.84
7.763284206390381,1.33,3.69,0.66,3.97
7.7732250690460205,2.26,3.35,0.32,4.05
7.7873640060424805,2.55,3.08,0.21,4.0
7.8113391399383545,2.24,2.97,-0.28,3.73
7.813794136047363,1.82,2.9,0.03,3.42
7.815870046615601,1.67,3.22,0.31,3.64
7.823561191558838,1.48,4.17,0.59,4.46
7.833831071853638,1.4,5.6,0.14,5.77
7.843691110610962,1.8,7.56,-0.44,7.78
7.853667259216309,2.76,9.6,-0.58,10.0
7.863914966583252,4.42,10.66,-1.45,11.63
7.878796100616455,6.45,10.94,-2.43,12.93
7.884665012359619,8.58,10.56,-2.83,13.89
7.911269187927246,11.0,9.62,-1.84,14.72
7.913777112960815,13.53,8.29,-1.11,15.9
7.915894031524658,16.28,7.3,-0.34,17.84
7.928952217102051,18.66,5.59,-0.26,19.48
7.934072017669678,20.0,2.95,-1.45,20.26
7.944173097610474,19.94,1.5,-1.13,20.02
7.954381942749023,17.25,1.93,-0.47,17.36
7.964447021484375,14.02,2.99,0.54,14.34
7.975160121917725,12.19,4.27,1.11,12.96
7.990782260894775,10.43,5.27,0.83,11.71
8.01179814338684,6.24,4.9,0.62,7.95
8.014114141464233,-0.6,3.53,1.46,3.86
8.016181945800781,-5.54,2.68,3.12,6.89
8.025172233581543,-5.87,7.78,6.08,11.48
8.029328107833862,-6.02,7.73,6.07,11.52
8.039550065994263,-4.9,15.62,6.74,17.7
8.049369096755981,-3.73,16.73,7.02,18.52
8.0597562789917,-2.33,8.03,4.68,9.58
8.069740056991577,-1.44,-1.1,1.94,2.65
8.079812049865723,0.38,-6.15,1.98,6.47
8.094125270843506,2.68,-8.44,-0.96,8.9
8.111875057220459,4.9,-7.2,-3.82,9.51
8.114160060882568,6.46,-3.48,-5.04,8.9
8.11995792388916,7.95,0.14,-4.8,9.28
8.130183219909668,10.37,2.4,-4.9,11.71
8.140329122543335,12.31,2.17,-4.25,13.2
8.150115013122559,11.82,-1.36,-3.1,12.29
8.160315990447998,8.12,-2.79,-1.18,8.66
8.170289039611816,3.63,-1.0,-0.68,3.82
8.181319236755371,0.05,-0.01,-0.66,0.66
8.194952964782715,-2.78,0.85,0.73,2.99
8.213404178619385,-4.95,1.5,2.38,5.69
8.215666055679321,-6.1,1.54,3.62,7.25
8.220393180847168,-6.23,1.53,4.2,7.66
8.230725049972534,-4.99,1.7,2.13,5.68
8.240615129470825,-2.22,0.81,-0.67,2.45
8.250792980194092,0.62,-0.14,-1.93,2.03
8.260893106460571,2.53,-0.91,-2.35,3.57
8.27067518234253,3.42,-1.19,-2.41,4.34
8.281849145889282,3.49,-1.11,-2.53,4.45
8.295762062072754,2.47,-0.95,-2.34,3.53
8.313086032867432,0.79,-0.78,-1.45,1.82
8.315258979797363,-0.83,-0.62,-0.49,1.14
8.321004152297974,-1.82,-0.18,0.16,1.83
8.331048965454102,-2.08,0.41,0.47,2.17
8.340229034423828,-1.91,0.74,0.76,2.18
8.356239080429077,-1.53,0.68,0.75,1.83
8.36055326461792,-0.91,0.67,0.5,1.23
8.372279167175293,-0.15,0.66,-0.08,0.68
8.385885238647461,0.42,0.66,-0.51,0.93
8.392634153366089,0.64,0.72,-0.38,1.03
8.411516189575195,0.59,0.78,-0.52,1.1
8.413928031921387,0.22,0.94,-0.28,1.0
8.421514987945557,-0.22,1.26,-0.03,1.27
8.431640148162842,-0.49,1.64,0.11,1.71
8.441960096359253,-0.77,1.88,0.54,2.1
8.451705932617188,-0.94,2.0,0.3,2.23
8.46201205253601,-1.23,1.82,0.13,2.2
8.472085952758789,-1.68,1.69,-0.67,2.47
8.48612117767334,-2.34,1.78,-0.63,3.0
8.49290418624878,-3.01,2.38,-0.71,3.9
8.51180911064148,-3.79,3.26,-0.28,5.0
8.514063119888306,-4.55,4.07,0.53,6.12
8.522349119186401,-5.2,4.78,0.5,7.08
8.532272100448608,-5.66,5.16,-0.2,7.66
8.542488098144531,-5.65,5.52,-1.17,7.98
8.5522141456604,-5.28,5.77,-1.83,8.03
8.563546180725098,-5.27,6.28,-2.9,8.69
8.577718257904053,-5.86,7.19,-3.79,10.01
8.595701217651367,-8.67,9.88,-4.95,14.04
8.617743968963623,-10.5,10.86,-6.2,16.32
8.620006084442139,-11.75,11.08,-7.07,17.62
8.62207317352295,-12.07,10.41,-7.19,17.48
8.63083004951477,-12.14,9.17,-5.4,16.14
8.640573978424072,-11.38,10.02,0.15,15.16
8.650890111923218,-7.73,10.3,0.5,12.88
8.661098957061768,-6.94,8.02,-4.23,11.41
8.670706272125244,-6.01,7.37,-1.46,9.62
8.6809720993042,-2.61,8.07,1.25,8.57
8.695826053619385,0.41,7.13,-1.04,7.21
8.717963218688965,1.38,3.39,-4.3,5.64
8.720245122909546,-0.21,-0.94,-6.0,6.07
8.722257137298584,-3.93,-2.95,-4.93,6.96
8.731357097625732,-5.88,-2.88,-2.56,7.03
8.741495132446289,-5.79,-3.04,-2.21,6.9
8.75123119354248,-7.0,-4.62,-1.84,8.58
8.761487007141113,-9.22,-5.76,-0.5,10.88
8.771238088607788,-11.04,-6.21,-0.01,12.66
8.781391143798828,-12.09,-6.49,0.05,13.72
8.796669006347656,-11.85,-6.02,1.11,13.33
8.818665981292725,-11.06,-5.47,1.15,12.39
8.820836067199707,-9.59,-5.81,0.46,11.22
8.822865962982178,-8.38,-6.14,0.77,10.41
8.831981182098389,-8.12,-5.31,0.69,9.72
8.841973066329956,-8.19,-4.18,0.08,9.19
8.851733207702637,-8.07,-3.29,0.34,8.72
8.862049102783203,-7.62,-2.36,0.69,8.0
8.871850967407227,-6.89,-1.13,1.22,7.08
8.882098197937012,-5.9,0.09,1.26,6.03
8.897359132766724,-4.73,1.05,0.86,4.92
8.917655944824219,-3.33,2.0,0.86,3.97
8.919871091842651,-1.8,2.9,1.05,3.57
8.922120094299316,-0.27,3.54,0.89,3.66
8.93230414390564,1.05,3.68,0.34,3.84
8.942467212677002,2.11,3.43,0.2,4.03
8.952542066574097,2.84,3.05,0.22,4.17
8.962738990783691,3.21,3.03,-0.19,4.41
8.972840070724487,3.44,3.53,-0.54,4.95
8.987563133239746,3.7,4.47,-0.89,5.87
8.992552280426025,3.8,5.57,-0.76,6.78
9.021587133407593,3.91,6.68,-0.58,7.76
9.023989200592041,4.33,8.0,-0.69,9.12
9.025987148284912,5.19,9.72,-1.32,11.09
9.032803058624268,6.7,10.76,-1.75,12.79
9.044898986816406,8.9,10.75,-0.93,13.98
9.053544044494629,11.8,10.29,0.11,15.65
9.063285112380981,14.89,9.71,1.11,17.81
9.07317304611206,18.05,9.1,0.9,20.23
9.083693981170654,20.25,7.04,-0.58,21.44
9.098021030426025,21.09,3.91,-2.55,21.6
9.120551109313965,21.05,2.28,-1.71,21.24
9.122756958007812,19.83,1.91,-1.14,19.95
9.124908924102783,16.91,1.58,-1.78,17.07
9.133334159851074,13.26,2.49,-1.96,13.63
9.143670082092285,8.68,3.99,-1.37,9.65
9.153264045715332,1.38,3.2,-2.09,4.06
9.163900136947632,-5.18,1.19,1.19,5.44
9.173670053482056,-7.84,2.08,5.06,9.56
9.18367624282837,-7.24,6.16,4.32,10.44
9.199066162109375,-5.78,9.89,2.07,11.64
9.219508171081543,-2.94,11.32,0.94,11.73
9.22179126739502,-0.58,10.07,2.35,10.35
9.22399616241455,1.23,5.68,2.68,6.39
9.234015941619873,2.4,-0.1,0.9,2.56
9.244002103805542,2.82,-4.57,-1.44,5.55
9.254127025604248,3.38,-6.47,-3.35,8.03
9.264126062393188,4.48,-5.52,-5.1,8.74
9.274487972259521,5.98,-2.24,-5.19,8.22
9.289411067962646,6.69,0.68,-4.44,8.05
9.294224262237549,7.12,1.36,-3.97,8.26
9.32596206665039,7.79,1.17,-3.24,8.51
9.328269004821777,7.59,0.14,-2.77,8.08
9.330365180969238,5.65,-0.44,-1.18,5.78
9.344706058502197,2.95,-0.12,-0.08,2.95
9.346752166748047,0.62,-0.25,0.72,0.98
9.354426145553589,-1.41,-0.25,2.22,2.64
9.36472225189209,-2.85,0.18,3.44,4.47
9.374766111373901,-3.84,0.78,3.81,5.46
9.384801149368286,-4.12,1.28,3.35,5.46
9.399969100952148,-3.51,1.13,2.15,4.26
9.422779083251953,-2.23,0.45,1.05,2.5
9.425013065338135,-0.55,-0.03,-0.14,0.56
9.427067279815674,1.2,-0.3,-1.5,1.94
9.44631814956665,2.62,-0.74,-2.36,3.6
9.44836711883545,3.57,-1.12,-2.31,4.39
9.455233097076416,3.61,-1.2,-1.56,4.11
9.465226173400879,2.1,-0.75,-0.65,2.32
9.475468158721924,0.06,0.07,0.12,0.15
9.486100196838379,-1.55,0.68,0.52,1.77
9.500429153442383,-2.44,1.07,0.81,2.78
9.523086071014404,-2.49,1.07,0.97,2.87
9.525190114974976,-1.91,0.81,0.53,2.14
9.527322053909302,-1.02,0.62,0.16,1.2
9.546457052230835,-0.05,0.58,0.05,0.58
9.54849100112915,0.6,0.57,-0.48,0.95
9.555732250213623,0.93,0.54,-0.78,1.32
9.565765142440796,1.1,0.59,-0.55,1.36
9.576030254364014,1.06,0.74,-0.81,1.52
9.585950136184692,0.7,0.94,-1.37,1.8
9.59711217880249,0.12,1.3,-1.16,1.74
9.626993179321289,-0.55,1.51,-0.93,1.85
9.62938904762268,-1.51,1.66,-0.81,2.38
9.631531238555908,-2.43,2.03,0.12,3.16
9.646321058273315,-2.82,2.45,0.27,3.74
9.648369073867798,-3.1,2.96,0.72,4.34
9.656114101409912,-3.4,3.2,0.98,4.77
9.666554927825928,-3.67,3.54,0.0,5.09
9.676432132720947,-3.82,3.98,-0.8,5.57
9.686676025390625,-3.61,4.42,-1.45,5.88
9.701516151428223,-3.11,4.73,-1.82,5.94
9.723773002624512,-2.93,4.8,-1.97,5.95
9.726201057434082,-3.28,5.29,-2.32,6.64
9.728308200836182,-4.13,6.36,-2.91,8.12
9.746572971343994,-5.39,7.76,-3.09,9.94
9.748634099960327,-6.89,9.09,-3.31,11.87
9.756956100463867,-8.44,10.14,-4.2,13.84
9.76711893081665,-9.8,10.95,-5.57,15.71
9.777231216430664,-11.47,11.06,-6.73,17.29
9.786988258361816,-12.79,10.23,-7.53,18.02
9.802173137664795,-13.48,9.17,-5.87,17.32
9.82255506515503,-12.97,9.3,-1.13,15.99
9.824961185455322,-10.22,9.16,-0.29,13.72
9.827280044555664,-9.1,7.29,-2.84,12.0
9.83724594116211,-7.9,7.27,-0.73,10.76
9.847423076629639,-4.79,7.61,0.16,8.99
9.857707977294922,-1.83,6.4,-1.74,6.88
9.867616176605225,-0.46,3.29,-5.28,6.23
9.87777304649353,-0.82,-0.57,-6.73,6.8
9.893640995025635,-3.14,-3.22,-6.36,7.78
9.897909164428711,-5.82,-3.69,-2.98,7.5
9.925426959991455,-4.77,-3.07,-2.22,6.09
9.927886962890625,-3.51,-4.23,-2.78,6.15
9.92990493774414,-5.34,-6.26,-2.02,8.47
9.9468412399292,-8.31,-6.71,-1.55,10.79
9.948792934417725,-10.13,-6.94,-1.55,12.37
9.957994937896729,-10.79,-7.01,-0.27,12.87
9.968070983886719,-10.58,-6.35,0.81,12.36
9.978291988372803,-10.24,-5.81,-0.19,11.77
9.989360094070435,-9.74,-5.71,-0.81,11.31
10.002504110336304,-9.1,-5.52,-0.19,10.64
10.02616024017334,-8.54,-4.74,0.28,9.77
10.028573989868164,-7.98,-3.71,0.33,8.8
10.030672073364258,-7.37,-2.98,0.03,7.94
10.045521259307861,-6.83,-2.33,0.04,7.21
10.048541069030762,-6.2,-1.57,0.22,6.39
10.058886051177979,-5.41,-0.57,0.72,5.48
10.068664073944092,-4.49,0.38,0.85,4.58
10.078909158706665,-3.5,1.3,0.69,3.79
10.089684963226318,-2.48,2.19,0.39,3.33
10.103275060653687,-1.41,3.2,0.06,3.49
10.127406120300293,-0.25,4.38,-0.18,4.39
10.12968397140503,1.05,5.66,-0.37,5.76
10.131844997406006,2.35,6.82,-0.54,7.23
10.13900113105774,3.8,7.94,-1.05,8.86
10.149123191833496,5.27,8.71,-1.93,10.36
10.159589052200317,6.17,9.33,-2.0,11.36
10.16931414604187,6.27,9.73,-2.18,11.77
10.181507110595703,6.34,10.59,-2.83,12.66
10.19033408164978,7.35,11.79,-2.6,14.13
10.202731132507324,9.33,11.75,-1.58,15.08
10.229218006134033,11.97,10.42,1.25,15.91
10.231588125228882,15.42,10.01,4.31,18.88
10.233650207519531,19.08,9.1,4.8,21.67
10.242701053619385,21.3,6.15,2.69,22.33
10.249704122543335,22.13,3.0,1.25,22.36
10.259674072265625,20.66,1.55,2.25,20.83
10.26989221572876,16.07,2.53,1.83,16.37
10.280007123947144,13.05,4.55,2.58,14.05
10.290939092636108,9.94,4.83,-0.19,11.05
10.306073188781738,2.7,2.85,-3.91,5.54
10.328010082244873,-4.56,1.29,-3.06,5.64
10.330245971679688,-7.6,3.71,2.27,8.75
10.332338094711304,-5.66,11.96,6.53,14.75
10.340277194976807,-2.93,18.75,5.04,19.63
10.351906061172485,-0.2,18.48,4.16,18.94
10.360631942749023,0.62,7.82,2.57,8.25
10.370335102081299,0.72,-2.05,1.56,2.67
10.380630016326904,1.95,-8.13,2.04,8.6
10.390931129455566,3.84,-10.34,0.11,11.03
10.401421070098877,5.82,-8.17,-1.98,10.22
10.4344482421875,7.28,-3.07,-2.19,8.19
10.436730146408081,8.13,1.23,-2.62,8.62
10.438822269439697,9.4,2.98,-3.23,10.37
10.442316055297852,10.26,2.4,-2.66,10.86
10.45085096359253,8.99,-0.87,-1.94,9.23
10.46089220046997,5.85,-1.78,-1.14,6.22
10.471065998077393,2.72,-0.55,-1.01,2.95
10.481149196624756,0.06,-0.02,-0.38,0.38
10.491088151931763,-2.04,0.44,0.95,2.29
10.502066135406494,-3.34,0.97,1.88,3.95
10.531728267669678,-3.83,1.24,2.63,4.8
10.533905029296875,-3.56,1.24,2.3,4.41
10.535998106002808,-2.3,1.2,1.04,2.79
10.542603015899658,-0.55,0.76,-0.25,0.97
10.551561117172241,1.15,0.0,-1.16,1.63
10.561670064926147,2.38,-0.66,-1.39,2.83
10.571424961090088,2.97,-0.85,-1.4,3.39
10.581733226776123,2.86,-0.72,-1.62,3.36
10.592793941497803,2.05,-0.51,-1.27,2.46
10.606863021850586,0.92,-0.31,-0.7,1.19
10.629974126815796,-0.23,-0.02,-0.42,0.47
10.632447242736816,-1.12,0.33,-0.03,1.16
10.634541988372803,-1.45,0.62,0.08,1.57
10.641962051391602,-1.47,0.83,-0.04,1.68
10.652250051498413,-1.43,0.77,-0.09,1.62
10.662250995635986,-1.28,0.74,-0.22,1.49
10.671937942504883,-1.04,0.6,-0.45,1.28
10.682504177093506,-0.87,0.47,-0.52,1.11
10.69241714477539,-0.74,0.45,-0.19,0.88
10.70621919631958,-0.7,0.41,-0.13,0.82
10.730624198913574,-0.91,0.3,-0.31,1.0
10.733054161071777,-1.13,0.53,-0.34,1.29
10.735152244567871,-1.26,0.84,-0.27,1.53
10.74270510673523,-1.31,1.35,-0.43,1.92
10.752447128295898,-1.29,1.81,-0.64,2.31
10.762764930725098,-1.4,2.07,-0.94,2.66
10.772500038146973,-1.65,2.21,-0.91,2.9
10.782856941223145,-1.91,2.4,-0.89,3.19
10.792627096176147,-2.19,2.7,-0.87,3.58
10.808298110961914,-2.67,3.17,-0.66,4.19
10.828475952148438,-3.41,3.47,-0.22,4.87
10.830862998962402,-4.24,3.96,-0.43,5.81
10.83298397064209,-4.81,4.76,-0.66,6.79
10.843141078948975,-5.0,5.33,-1.15,7.39
10.853007078170776,-4.99,5.83,-1.64,7.84
10.863265991210938,-5.23,6.42,-2.42,8.62
10.873223066329956,-6.0,7.43,-3.46,10.15
10.883301258087158,-7.22,8.73,-4.65,12.24
10.893916130065918,-8.56,9.98,-5.69,14.32
10.909224033355713,-9.72,10.7,-7.02,16.07
10.930700063705444,-11.17,10.76,-7.91,17.41
10.93316912651062,-12.4,10.18,-8.16,17.99
10.935244083404541,-12.37,9.66,-5.9,16.76
10.94356393814087,-10.78,9.97,-0.83,14.7
10.953781127929688,-8.79,9.01,-1.64,12.69
10.963771104812622,-8.27,7.49,-4.06,11.87
10.973973274230957,-6.19,7.31,-2.31,9.85
10.984113216400146,-2.6,6.74,-1.09,7.3
10.993800163269043,0.1,4.39,-3.63,5.69
11.010148048400879,0.83,0.12,-6.2,6.25
11.02996826171875,-0.96,-3.37,-6.6,7.47
11.032395124435425,-4.09,-3.47,-4.31,6.88
11.03449821472168,-4.32,-2.72,-3.75,6.33
11.044150114059448,-4.46,-3.79,-4.07,7.12
11.054163932800293,-6.58,-5.81,-3.47,9.43
11.064564228057861,-8.81,-6.65,-2.48,11.31
11.074658155441284,-10.11,-7.05,-1.27,12.39
11.084348201751709,-10.44,-6.49,0.03,12.29
11.099607944488525,-10.22,-5.59,-0.03,11.64
11.104680061340332,-9.81,-5.14,-0.26,11.07
11.135287046432495,-9.0,-5.37,0.0,10.48
11.137730121612549,-8.59,-5.3,0.29,10.09
11.13981294631958,-8.81,-4.52,-0.19,9.9
11.144771099090576,-9.01,-3.83,-0.71,9.81
11.162154197692871,-8.9,-3.37,-0.51,9.53
11.16477918624878,-8.74,-2.96,-0.2,9.22
11.174873113632202,-8.28,-2.5,0.02,8.64
11.18502426147461,-7.57,-1.59,0.63,7.76
11.195213079452515,-6.67,-0.55,0.8,6.74
11.209328174591064,-5.57,0.56,0.63,5.63
11.233780145645142,-4.37,1.76,0.24,4.71
11.236255168914795,-3.12,3.08,-0.26,4.39
11.238358974456787,-1.78,4.34,-0.77,4.75
11.24532699584961,-0.36,5.24,-1.06,5.35
11.255182266235352,1.06,5.89,-1.19,6.1
11.265690088272095,2.19,6.25,-1.39,6.76
11.275439262390137,3.13,6.86,-1.81,7.75
11.285669088363647,3.99,7.83,-2.74,9.2
11.29577112197876,4.75,8.76,-3.4,10.52
11.311471939086914,5.13,9.53,-3.51,11.37
11.330783128738403,5.79,10.25,-4.21,12.5
11.33319616317749,7.04,11.15,-4.37,13.89
11.336562156677246,8.88,11.71,-3.92,15.21
11.346596240997314,11.05,11.21,-2.17,15.88
11.35777997970581,13.91,10.66,1.4,17.58
11.36634111404419,17.7,10.55,3.21,20.85
11.376111030578613,20.83,8.01,2.08,22.41
11.386131048202515,22.7,3.88,0.0,23.02
11.39619493484497,23.2,0.89,0.0,23.21
11.407302141189575,20.92,0.64,0.71,20.94
11.435251235961914,16.65,2.37,0.82,16.83
11.437442064285278,12.92,3.54,1.01,13.43
11.439871072769165,9.17,4.96,2.48,10.71
11.446560144424438,2.08,4.0,0.9,4.59
11.463136196136475,-4.67,1.69,2.6,5.6
11.46645212173462,-7.8,2.06,4.9,9.43
11.476783275604248,-6.9,8.33,3.56,11.38
11.48659610748291,-4.57,14.78,2.5,15.67
11.498100280761719,-3.67,18.98,4.34,19.81
11.509250164031982,-2.25,13.42,4.35,14.28
11.5365571975708,-0.46,2.81,1.99,3.47
11.53878927230835,1.57,-2.47,-0.17,2.93
11.540832042694092,4.17,-5.79,-2.16,7.45
11.5470290184021,6.65,-8.02,-5.18,11.63
11.563306093215942,9.97,-7.37,-4.07,13.04
11.56711196899414,13.49,-5.02,-4.68,15.13
11.57738208770752,15.69,-2.97,-4.59,16.61
11.587090969085693,14.16,-1.24,-3.67,14.68
11.597462177276611,8.41,-0.21,-2.82,8.87
11.608554124832153,3.52,-0.05,-1.24,3.73
11.637028217315674,-0.08,0.34,0.31,0.46
11.639254093170166,-2.84,1.23,0.89,3.22
11.64130711555481,-4.61,1.87,1.33,5.14
11.647470951080322,-5.5,1.87,2.93,6.5
11.657913208007812,-5.72,1.95,4.27,7.39
11.667670249938965,-4.25,1.66,2.72,5.31
11.677890062332153,-1.83,0.79,0.71,2.11
11.68785810470581,0.21,-0.01,-1.13,1.14
11.698878049850464,2.08,-0.56,-2.45,3.26
11.713826179504395,3.57,-0.83,-2.35,4.35
11.736263275146484,4.28,-0.99,-1.84,4.76
11.73854398727417,3.99,-1.08,-1.65,4.45
11.740541934967041,2.87,-0.98,-1.6,3.42
11.748151063919067,1.36,-0.68,-1.1,1.87
11.759757995605469,-0.03,-0.26,-0.47,0.53
11.76851511001587,-1.11,0.02,0.08,1.11
11.778182029724121,-1.82,0.43,0.19,1.87
11.788264274597168,-2.09,0.72,0.4,2.24
11.798521041870117,-1.89,0.93,0.34,2.13
11.812867164611816,-1.34,0.77,0.14,1.55
11.837060928344727,-0.63,0.58,0.0,0.85
11.839303016662598,-0.05,0.19,-0.02,0.19
11.84132194519043,0.19,0.25,-0.44,0.54
11.848963260650635,0.04,0.3,-0.34,0.45
11.85887098312378,-0.43,0.4,-0.44,0.73
11.868981122970581,-0.98,0.46,-0.43,1.16
11.879032135009766,-1.5,0.5,-0.16,1.58
11.888756275177002,-1.9,0.78,-0.01,2.05
11.899177074432373,-2.2,1.12,-0.51,2.52
11.914377212524414,-2.46,1.44,-0.91,2.99
11.936610221862793,-2.49,1.77,-0.72,3.13
11.938833236694336,-2.46,2.0,-0.99,3.32
11.94202995300293,-2.54,2.51,-1.36,3.82
11.949310064315796,-2.87,2.92,-0.75,4.16
11.959912061691284,-3.44,3.14,-0.64,4.7
11.969635963439941,-4.01,3.6,-0.85,5.45
11.979445934295654,-4.25,3.78,-0.77,5.73
11.989590167999268,-4.02,4.13,-1.46,5.94
12.005507946014404,-3.66,4.82,-1.74,6.29
12.009672164916992,-3.72,5.67,-2.38,7.18
12.041267156600952,-4.38,6.84,-3.08,8.68
12.04367709159851,-4.64,6.96,-3.25,8.97
12.045805931091309,-5.97,8.35,-3.64,10.89
12.06345796585083,-7.4,9.53,-3.99,12.7
12.06552505493164,-8.51,10.24,-4.52,14.06
12.069197177886963,-9.84,10.29,-5.45,15.24
12.072082996368408,-11.84,10.0,-6.63,16.85
12.082328081130981,-13.39,9.45,-6.76,17.72
12.092534065246582,-13.61,9.81,-3.5,17.13
12.1027512550354,-11.42,10.65,0.38,15.61
12.112253189086914,-9.29,9.89,-1.67,13.67
12.130404949188232,-9.1,8.59,-3.37,12.95
12.132725238800049,-7.16,9.22,-0.07,11.67
12.142547130584717,-4.05,8.62,0.46,9.53
12.152680158615112,-2.08,5.94,-2.9,6.92
12.162891149520874,-1.69,1.99,-6.04,6.58
12.172681093215942,-2.45,-1.81,-6.38,7.06
12.18294095993042,-4.68,-3.74,-4.97,7.78
12.19320011138916,-6.7,-4.28,-2.58,8.35
12.208970069885254,-5.31,-3.71,-0.9,6.53
12.212831974029541,-2.13,-4.05,-1.39,4.78
12.230206966400146,-2.1,-6.37,-1.28,6.82
12.232267141342163,-5.36,-7.52,-1.45,9.34
12.242728233337402,-8.01,-7.13,-2.09,10.92
12.252532005310059,-8.99,-7.36,-0.95,11.65
12.26282024383545,-9.28,-7.4,0.33,11.87
12.272776126861572,-9.41,-7.16,0.26,11.82
12.283006191253662,-9.36,-6.72,0.17,11.52
12.292708158493042,-8.83,-6.18,0.14,10.77
12.302905082702637,-8.02,-5.54,0.4,9.75
12.318237066268921,-7.18,-4.73,0.56,8.61
12.331804275512695,-6.41,-3.83,0.71,7.5
12.333035945892334,-5.8,-2.96,0.97,6.58
12.342978954315186,-5.26,-2.17,1.14,5.8
12.353113174438477,-4.66,-1.29,1.16,4.97
12.363221168518066,-3.95,-0.4,1.23,4.15
12.377815246582031,-3.28,0.41,1.28,3.54
12.383362054824829,-2.62,1.35,1.43,3.27
12.399936199188232,-1.87,2.37,1.63,3.43
12.405158042907715,-0.88,3.3,1.53,3.74
12.418371200561523,0.37,3.94,1.35,4.18
12.437494277954102,1.5,4.2,0.97,4.56
12.439739227294922,2.35,4.39,0.95,5.06
12.444262027740479,3.2,5.32,0.63,6.24
12.453761100769043,4.4,7.25,-0.01,8.48
12.464477062225342,5.89,9.52,-0.95,11.23
12.475125074386597,7.29,11.26,-1.56,13.5
12.484601974487305,8.37,12.18,-1.91,14.9
12.494729042053223,9.44,12.31,-2.89,15.77
12.504714012145996,11.02,11.79,-3.43,16.49
12.51476001739502,13.16,10.93,-3.29,17.42
12.533021926879883,15.53,10.35,-2.54,18.83
12.535458087921143,18.05,10.09,-0.65,20.68
12.544930934906006,20.5,8.97,-0.17,22.37
12.555020093917847,22.11,5.3,-2.2,22.84
12.565206050872803,22.78,1.3,-4.18,23.19
12.575186252593994,21.58,0.0,-3.92,21.93
12.59779405593872,11.73,2.47,-3.11,12.38
12.60315227508545,2.63,1.18,-3.28,4.36
12.613890171051025,-5.4,-0.63,-1.65,5.68
12.645977973937988,-9.47,1.67,2.42,9.91
12.648279190063477,-8.86,7.37,5.27,12.67
12.650393009185791,-7.95,10.85,3.36,13.86
12.660632133483887,-8.11,12.53,2.06,15.06
12.663273096084595,-5.55,9.74,4.4,12.04
12.673443078994751,-3.47,4.23,4.37,7.0
12.683653116226196,-1.77,-1.14,1.83,2.78
12.693676948547363,0.61,-4.37,-0.2,4.41
12.703732967376709,2.9,-5.04,-1.32,5.96
12.713746070861816,4.65,-4.37,-2.7,6.92
12.739532947540283,6.28,-2.74,-3.34,7.62
12.742239952087402,8.37,-0.67,-3.99,9.29
12.74442195892334,10.58,1.31,-4.96,11.75
12.764456272125244,11.64,1.2,-4.91,12.69
12.766524076461792,10.9,-1.47,-2.82,11.35
12.773993015289307,7.7,-2.47,-1.46,8.21
12.783971071243286,3.69,-0.8,-0.77,3.85
12.794329166412354,0.19,0.22,-0.38,0.47
12.804004192352295,-2.61,0.75,0.27,2.72
12.819575071334839,-4.55,1.09,1.96,5.07
12.83988094329834,-5.55,1.02,3.57,6.67
12.842312097549438,-5.25,1.17,3.61,6.47
12.843770027160645,-3.35,1.44,2.01,4.16
12.854645252227783,-0.99,0.89,0.17,1.34
12.864437103271484,0.99,-0.02,-1.24,1.58
12.874835968017578,2.6,-0.73,-1.79,3.23
12.884640216827393,3.69,-1.18,-2.11,4.41
12.894614219665527,4.09,-1.26,-2.21,4.81
12.904498100280762,3.52,-0.89,-1.85,4.07
12.915626049041748,2.06,-0.33,-1.35,2.48
12.948095083236694,0.4,0.1,-0.87,0.96
12.950395107269287,-0.91,0.29,-0.16,0.96
12.952335119247437,-1.7,0.4,0.25,1.76
12.960662126541138,-1.96,0.31,0.59,2.07
12.964921951293945,-1.78,0.21,0.59,1.88
12.975222110748291,-1.35,0.16,0.21,1.37
12.98517894744873,-0.79,0.16,-0.04,0.8
12.995306968688965,-0.23,0.23,-0.33,0.46
13.005102157592773,0.18,0.3,-0.71,0.79
13.01632809638977,0.34,0.12,-0.61,0.7
13.047091960906982,0.25,0.17,-0.76,0.81
13.049468040466309,0.0,0.24,-0.34,0.41
13.051526069641113,-0.19,0.41,-0.24,0.51
13.060466051101685,-0.32,0.53,-0.02,0.61
13.065657138824463,-0.45,0.73,-0.13,0.86
13.075915098190308,-0.72,0.96,-0.26,1.22
13.085767269134521,-1.12,0.92,-0.16,1.45
13.095925092697144,-1.52,1.08,-0.29,1.88
13.105934143066406,-1.82,1.2,-0.15,2.18
13.116473197937012,-2.12,1.49,-0.16,2.59
13.147390127182007,-2.49,1.86,-0.19,3.11
13.149789094924927,-2.88,2.44,-0.28,3.78
13.151966094970703,-3.1,2.96,-0.15,4.28
13.16080617904663,-3.16,3.11,-0.21,4.43
13.166145086288452,-3.1,2.56,-0.53,4.05
13.17619514465332,-2.63,2.33,-0.79,3.6
13.186463117599487,-1.97,2.83,-1.42,3.72
13.196540117263794,-1.7,3.69,-2.77,4.91
13.207601070404053,-1.87,4.8,-3.24,6.08
13.221962928771973,-2.43,5.68,-2.55,6.68
13.243174076080322,-3.38,6.07,-2.14,7.26
13.245572090148926,-4.54,6.28,-2.47,8.13
13.247710227966309,-5.8,6.7,-2.57,9.22
13.256709098815918,-6.94,7.12,-3.11,10.41
13.267028093338013,-8.41,7.32,-3.4,11.65
13.276955127716064,-9.92,6.98,-3.67,12.67
13.286636114120483,-10.74,6.06,-3.75,12.88
13.297085046768188,-10.56,5.9,-2.5,12.35
13.30703616142273,-8.78,6.94,-0.87,11.22
13.317931175231934,-7.01,6.97,-1.42,9.98
13.350764274597168,-6.25,6.71,-1.92,9.36
13.353116035461426,-4.9,6.67,-1.04,8.34
13.35511302947998,-2.34,6.34,0.29,6.76
13.359411239624023,0.09,4.96,-1.71,5.24
13.36730408668518,1.27,2.31,-4.3,5.04
13.377514123916626,1.3,-0.69,-5.09,5.29
13.3874990940094,-0.07,-2.33,-4.82,5.35
13.397537231445312,-2.88,-2.54,-4.54,5.94
13.407827138900757,-5.47,-3.26,-3.65,7.33
13.4185471534729,-5.73,-3.55,-1.71,6.95
13.451000213623047,-5.08,-3.97,-1.18,6.55
13.453264236450195,-5.97,-5.67,-0.96,8.28
13.455336093902588,-7.8,-6.8,-0.6,10.36
13.459346055984497,-9.02,-7.06,-0.93,11.49
13.467871189117432,-9.33,-6.74,-0.35,11.51
13.478076934814453,-9.28,-5.91,0.23,11.0
13.488217115402222,-8.98,-5.17,0.26,10.36
13.498111248016357,-8.0,-5.01,0.21,9.44
13.508355140686035,-6.84,-4.97,0.52,8.47
13.518190145492554,-6.2,-4.48,0.6,7.67
13.547690153121948,-5.93,-3.92,0.34,7.11
13.550117015838623,-5.73,-3.49,0.18,6.71
13.552199125289917,-5.4,-3.05,0.03,6.2
13.558512210845947,-4.9,-2.33,0.29,5.43
13.56869912147522,-4.21,-1.44,0.57,4.48
13.57849907875061,-3.42,-0.46,0.65,3.51
13.588595151901245,-2.47,0.38,0.52,2.55
13.59876012802124,-1.5,1.04,0.34,1.85
13.608939170837402,-0.63,1.68,0.13,1.79
13.619118213653564,0.13,2.26,-0.15,2.26
13.649822235107422,0.75,2.63,-0.32,2.75
13.652225017547607,1.27,2.64,-0.35,2.95
13.654312133789062,1.95,2.71,-0.39,3.36
13.658851146697998,2.79,3.18,-0.39,4.24
13.66900110244751,3.73,3.95,-0.37,5.44
13.679166078567505,4.96,4.86,-0.48,6.96
13.689221143722534,6.26,5.21,-1.09,8.21
13.699116230010986,7.27,5.13,-1.68,9.05
13.710285186767578,8.07,5.91,-1.98,10.19
13.724740028381348,8.77,7.17,-2.87,11.68
13.746943950653076,9.52,7.59,-3.66,12.71
13.749375104904175,10.36,7.36,-3.84,13.27
13.75153398513794,11.58,6.76,-3.89,13.96
13.75954818725586,12.65,5.06,-4.52,14.35
13.769834995269775,13.66,3.71,-4.43,14.83
13.7796790599823,14.64,2.59,-4.12,15.42
13.789965152740479,15.0,1.81,-3.15,15.43
13.799767017364502,14.64,1.7,-2.29,14.91
13.810829162597656,13.97,2.84,-0.91,14.28
13.826089143753052,12.74,4.78,-0.82,13.63
13.845731258392334,7.77,4.59,-3.66,9.73
13.848237037658691,0.93,3.46,-3.97,5.34
13.850322246551514,-2.77,3.9,-0.6,4.82
13.860202074050903,-2.3,7.9,5.2,9.73
13.870124101638794,-2.35,9.35,5.36,11.03
13.880139112472534,-4.3,3.78,0.06,5.72
13.89041519165039,-2.15,-0.58,0.62,2.31
13.900546073913574,1.31,-2.38,3.27,4.25
13.91538405418396,3.27,-3.94,1.69,5.39
13.92150592803955,4.05,-4.14,-0.4,5.8
13.951456069946289,3.83,-1.92,-1.23,4.45
13.954342126846313,3.08,1.01,-2.13,3.87
13.956592082977295,2.47,2.03,-2.13,3.84
13.960567951202393,1.57,1.8,-0.94,2.56
13.983111143112183,0.42,1.25,-0.62,1.45
13.985122203826904,-0.21,1.02,-1.09,1.5
13.990736961364746,-0.39,0.07,-1.29,1.34
14.001363277435303,0.28,-0.76,-0.5,0.95
14.015238046646118,1.03,-1.34,-0.54,1.77
14.021947145462036,1.42,-1.35,0.16,1.96
14.050467014312744,1.24,-0.41,0.69,1.47
14.052844047546387,0.31,0.55,0.12,0.64
14.054914951324463,-0.56,0.89,-0.82,1.33
14.061114072799683,-0.89,0.88,-0.88,1.53
14.071502208709717,-0.37,0.3,-0.56,0.73
14.0813570022583,0.75,-0.57,-0.44,1.03
14.091789245605469,1.64,-1.15,-0.31,2.02
14.101675033569336,1.85,-1.14,-0.57,2.24
14.111520051956177,1.41,-0.57,-0.55,1.61
14.122464179992676,0.72,0.03,-0.45,0.84
14.151276111602783,-0.02,0.32,-0.3,0.43
14.153529167175293,-0.58,0.44,-0.13,0.73
14.155574083328247,-1.02,0.48,-0.23,1.15
14.161736011505127,-1.32,0.62,-0.24,1.47
14.17191219329834,-1.31,0.62,-0.19,1.46
14.181970119476318,-1.06,0.37,-0.63,1.28
14.191920280456543,-0.88,0.07,-0.88,1.24
14.202116012573242,-0.46,-0.14,-0.39,0.61
14.213271141052246,0.37,-0.21,0.26,0.49
14.22219705581665,1.18,-0.49,0.22,1.29
14.253117084503174,1.5,-0.62,-0.29,1.64
14.255544185638428,1.18,-0.37,-0.87,1.51
14.257558107376099,0.45,0.12,-0.94,1.04
14.26238203048706,-0.41,0.34,-0.74,0.91
14.272395133972168,-1.17,0.27,-0.59,1.33
14.282680034637451,-1.55,0.29,-0.11,1.58
14.29262924194336,-1.28,0.46,0.5,1.44
14.302722930908203,-0.44,0.33,0.46,0.71
14.31321907043457,0.29,-0.07,0.29,0.41
14.328413009643555,0.67,-0.31,0.06,0.74
14.349914073944092,0.7,-0.39,-0.16,0.81
14.352244138717651,0.46,-0.47,-0.27,0.71
14.354307174682617,0.11,-0.46,-0.12,0.48
14.36285400390625,0.01,-0.49,0.18,0.52
14.373032093048096,0.09,-0.46,0.37,0.59
14.383334159851074,0.24,-0.39,0.15,0.48
14.392978191375732,0.29,-0.23,-0.21,0.42
14.40337324142456,0.12,-0.21,-0.44,0.5
14.413063049316406,-0.12,-0.11,-0.19,0.25
14.429443120956421,-0.39,0.09,0.37,0.54
14.448573112487793,-0.74,0.09,0.55,0.92
14.450736045837402,-0.78,-0.09,0.59,0.98
14.453280925750732,-0.5,-0.37,0.73,0.95
14.463811159133911,-0.1,-0.61,0.44,0.75
14.473572254180908,0.23,-0.7,0.27,0.78
14.483768939971924,0.54,-0.87,-0.06,1.02
14.493782997131348,0.83,-0.94,-0.09,1.25
14.50381326675415,0.84,-0.52,-0.17,1.0
14.519505023956299,0.58,0.1,-0.59,0.83
14.523942947387695,0.26,0.44,-0.68,0.85
14.555268049240112,0.13,0.41,-0.42,0.6
14.557432174682617,0.31,0.02,0.16,0.34
14.559437274932861,0.57,-0.47,0.25,0.77
14.564183235168457,0.81,-0.71,0.26,1.1
14.574281215667725,0.88,-0.46,0.49,1.1
14.584190130233765,0.61,-0.36,0.33,0.78
14.59436321258545,0.28,-0.15,0.44,0.54
14.604177951812744,-0.37,0.3,0.52,0.7
14.614472150802612,-0.8,0.97,0.58,1.38
14.625278949737549,-0.57,0.83,-0.05,1.0
14.652699947357178,-0.43,0.51,0.02,0.66
14.654916048049927,0.01,0.16,0.0,0.16
14.656933069229126,0.1,-0.46,0.1,0.48
14.66465425491333,0.44,-0.62,0.05,0.76
14.674746990203857,0.72,-0.74,0.11,1.03
14.685074090957642,0.13,-0.43,-0.44,0.62
14.69470500946045,0.27,0.07,-0.38,0.47
14.704811096191406,0.12,0.19,-0.45,0.5
14.715681076049805,0.19,0.38,1.12,1.19
14.730533123016357,0.21,-0.01,0.13,0.24
14.751940250396729,0.07,-0.19,-0.21,0.29
14.754024028778076,0.02,-0.26,-0.16,0.3
14.756060123443604,0.19,-0.23,-0.21,0.36
14.765170097351074,0.31,-0.1,-0.06,0.33
14.775254249572754,0.38,-0.03,-0.19,0.42
14.78549313545227,0.4,0.02,0.52,0.65
14.795282125473022,-0.03,-0.28,-0.6,0.66
14.805731058120728,-0.04,0.04,0.02,0.06
14.815605163574219,0.12,0.17,-0.01,0.2
14.826385974884033,0.26,-0.04,0.24,0.35
14.85837697982788,0.23,-0.18,0.61,0.67
14.86055612564087,0.19,-0.01,-0.45,0.48
14.86232304573059,0.19,0.18,0.05,0.26
14.86576795578003,0.05,0.01,0.39,0.39
14.875916957855225,-0.1,-0.14,0.01,0.17
14.8858642578125,-0.12,0.07,-0.12,0.18
14.895995140075684,-0.14,0.1,-0.29,0.33
14.906077146530151,-0.13,0.01,-0.26,0.29
14.91624927520752,-0.02,-0.12,-0.08,0.14
14.9272141456604,0.11,-0.21,0.14,0.27
14.957281112670898,0.19,-0.21,0.02,0.28
14.95946216583252,0.32,-0.25,-0.44,0.59
14.96146011352539,0.09,-0.03,-0.23,0.24
14.966379165649414,-0.25,0.37,-0.35,0.56
14.976493120193481,-0.4,0.52,-0.35,0.74
14.986461162567139,-0.38,0.41,-0.48,0.73
14.996703147888184,-0.33,0.22,-0.43,0.58
15.00660514831543,-0.27,0.22,-0.6,0.69
15.01664400100708,-0.19,0.18,-0.81,0.85
15.026820182800293,-0.16,-0.06,-0.35,0.38
15.059523105621338,-0.2,-0.18,-0.2,0.33
15.061731100082397,-0.21,-0.1,-0.19,0.3
15.063845157623291,-0.13,0.06,-0.21,0.25
15.067638158798218,-0.09,0.14,-0.51,0.53
15.077209949493408,-0.06,0.23,-0.58,0.62
15.08724594116211,0.04,0.19,-0.39,0.43
15.097464084625244,0.19,0.08,-0.2,0.28
15.10727596282959,0.33,-0.06,-0.12,0.35
15.117125988006592,0.3,-0.01,-0.16,0.34
15.12735104560852,-0.02,0.18,-0.31,0.35
15.154802083969116,-0.22,0.29,-0.51,0.62
15.157036066055298,-0.13,0.15,-0.32,0.37
15.159104108810425,0.17,-0.1,-0.09,0.21
